INSERT INTO Categories (CategoryName, Description) VALUES
('Electronics', 'Devices and gadgets powered by electricity.'),
('Clothing', 'Apparel and fashion accessories.'),
('Home and Furniture', 'Items for home decor and furnishings.'),
('Books', 'Printed and digital books of various genres.'),
('Toys and Games', 'Playthings and entertainment for all ages.'),
('Beauty and Personal Care', 'Products for personal grooming and hygiene.'),
('Sports and Outdoors', 'Equipment and gear for sports and outdoor activities.'),
('Health and Fitness', 'Products related to health and fitness.'),
('Automotive', 'Products for vehicles and automobile enthusiasts.'),
('Jewelry', 'Ornaments and accessories made of precious metals and gemstones.'),
('Food and Beverages', 'Edible products and beverages of different types.'),
('Pets', 'Supplies and accessories for pets and pet owners.'),
('Music and Instruments', 'Musical instruments and audio accessories.'),
('Art and Collectibles', 'Artwork and collectible items of various kinds.'),
('Crafts and Hobbies', 'Materials and tools for crafts and hobby activities.'),
('Travel and Luggage', 'Items for travel and luggage accessories.'),
('Office Supplies', 'Stationery and office-related products.'),
('Baby and Kids', 'Products for infants, toddlers, and children.'),
('Home Improvement', 'Tools and materials for home improvement projects.'),
('Garden and Outdoor Living', 'Supplies for gardening and outdoor living.'),
('Watches', 'Timepieces and wristwatches of different styles.'),
('Party Supplies', 'Decorations and supplies for parties and celebrations.'),
('Fitness Accessories', 'Accessories for fitness and workout routines.'),
('Electrical Appliances', 'Household appliances powered by electricity.'),
('Computer Hardware', 'Components and accessories for computer systems.'),
('Mobile Phones and Accessories', 'Smartphones and accessories.'),
('Stationery', 'Paper, pens, and other stationery items.'),
('Gaming', 'Video games and gaming accessories.'),
('Cookware and Kitchen Appliances', 'Kitchenware and cooking appliances.'),
('Home Decor', 'Items to enhance the aesthetic of living spaces.');

INSERT INTO Users (Username, Email, Password, FullName, Address, PhoneNumber, IsSeller) VALUES
('john_doe', 'john.doe@email.com', 'password1', 'John Doe', '123 Main Street, Cityville', '123-456-7890', FALSE),
('jane_smith', 'jane.smith@email.com', 'password2', 'Jane Smith', '456 Oak Avenue, Townsville', '987-654-3210', TRUE),
('bob_johnson', 'bob.johnson@email.com', 'password3', 'Bob Johnson', '789 Pine Lane, Villagetown', '555-123-4567', FALSE),
('alice_williams', 'alice.williams@email.com', 'password4', 'Alice Williams', '321 Elm Road, Hamletsville', '111-222-3333', TRUE),
('charlie_brown', 'charlie.brown@email.com', 'password5', 'Charlie Brown', '567 Birch Street, Riverside', '444-555-6666', FALSE),
('eva_davis', 'eva.davis@email.com', 'password6', 'Eva Davis', '890 Maple Drive, Suburbia', '777-888-9999', TRUE),
('michael_miller', 'michael.miller@email.com', 'password7', 'Michael Miller', '432 Pine Street, Countryside', '333-444-5555', FALSE),
('sophia_wilson', 'sophia.wilson@email.com', 'password8', 'Sophia Wilson', '876 Cedar Lane, Outskirts', '666-777-8888', TRUE),
('david_jones', 'david.jones@email.com', 'password9', 'David Jones', '999 Oak Street, Uptown', '222-333-4444', FALSE),
('emily_taylor', 'emily.taylor@email.com', 'password10', 'Emily Taylor', '111 Maple Avenue, Downtown', '888-999-0000', TRUE),
('alex_jackson', 'alex.jackson@email.com', 'password11', 'Alex Jackson', '789 Pine Lane, Midtown', '555-666-7777', FALSE),
('olivia_white', 'olivia.white@email.com', 'password12', 'Olivia White', '234 Birch Road, Suburbia', '777-888-9999', TRUE),
('ryan_thomas', 'ryan.thomas@email.com', 'password13', 'Ryan Thomas', '345 Elm Street, Cityville', '333-444-5555', FALSE),
('samantha_clark', 'samantha.clark@email.com', 'password14', 'Samantha Clark', '456 Pine Lane, Countryside', '999-888-7777', TRUE),
('mason_hill', 'mason.hill@email.com', 'password15', 'Mason Hill', '678 Oak Avenue, Outskirts', '111-222-3333', FALSE),
('lily_wilson', 'lily.wilson@email.com', 'password16', 'Lily Wilson', '789 Maple Drive, Uptown', '444-555-6666', TRUE),
('nathan_hall', 'nathan.hall@email.com', 'password17', 'Nathan Hall', '876 Birch Street, Midtown', '666-777-8888', FALSE),
('ava_morris', 'ava.morris@email.com', 'password18', 'Ava Morris', '543 Pine Road, Downtown', '222-333-4444', TRUE),
('jacob_martin', 'jacob.martin@email.com', 'password19', 'Jacob Martin', '987 Cedar Lane, Suburbia', '888-999-0000', FALSE),
('grace_adams', 'grace.adams@email.com', 'password20', 'Grace Adams', '234 Elm Street, Cityville', '555-666-7777', TRUE),
('logan_nelson', 'logan.nelson@email.com', 'password21', 'Logan Nelson', '876 Main Avenue, Countryside', '111-222-3333', FALSE),
('mia_turner', 'mia.turner@email.com', 'password22', 'Mia Turner', '543 Pine Lane, Outskirts', '444-555-6666', TRUE),
('aiden_bell', 'aiden.bell@email.com', 'password23', 'Aiden Bell', '123 Birch Road, Uptown', '666-777-8888', FALSE),
('chloe_murphy', 'chloe.murphy@email.com', 'password24', 'Chloe Murphy', '789 Cedar Lane, Midtown', '222-333-4444', TRUE),
('owen_parker', 'owen.parker@email.com', 'password25', 'Owen Parker', '345 Pine Street, Suburbia', '888-999-0000', FALSE),
('emma_ross', 'emma.ross@email.com', 'password26', 'Emma Ross', '678 Elm Road, Downtown', '555-666-7777', TRUE),
('aidan_morgan', 'aidan.morgan@email.com', 'password27', 'Aidan Morgan', '876 Main Street, Cityville', '111-222-3333', FALSE),
('ella_hill', 'ella.hill@email.com', 'password28', 'Ella Hill', '543 Oak Avenue, Countryside', '444-555-6666', TRUE),
('jackson_carter', 'jackson.carter@email.com', 'password29', 'Jackson Carter', '123 Pine Lane, Outskirts', '666-777-8888', FALSE),
('sophie_baker', 'sophie.baker@email.com', 'password30', 'Sophie Baker', '987 Maple Drive, Uptown', '222-333-4444', TRUE);

INSERT INTO Cart (UserID, DateAdded) VALUES
(1, '2024-02-29 10:15:00'),
(2, '2024-02-29 11:30:00'),
(3, '2024-02-29 12:45:00'),
(4, '2024-02-29 13:00:00'),
(5, '2024-02-29 14:15:00'),
(6, '2024-02-29 15:30:00'),
(7, '2024-02-29 16:45:00'),
(8, '2024-02-29 17:00:00'),
(9, '2024-02-29 18:15:00'),
(10, '2024-02-29 19:30:00'),
(11, '2024-02-29 20:45:00'),
(12, '2024-02-29 21:00:00'),
(13, '2024-02-29 22:15:00'),
(14, '2024-02-29 23:30:00'),
(15, '2024-03-01 10:15:00'),
(16, '2024-03-01 11:30:00'),
(17, '2024-03-01 12:45:00'),
(18, '2024-03-01 13:00:00'),
(19, '2024-03-01 14:15:00'),
(20, '2024-03-01 15:30:00'),
(21, '2024-03-01 16:45:00'),
(22, '2024-03-01 17:00:00'),
(23, '2024-03-01 18:15:00'),
(24, '2024-03-01 19:30:00'),
(25, '2024-03-01 20:45:00'),
(26, '2024-03-01 21:00:00'),
(27, '2024-03-01 22:15:00'),
(28, '2024-03-01 23:30:00'),
(29, '2024-03-02 10:15:00'),
(30, '2024-03-02 11:30:00');

INSERT INTO Products (SellerID, Name, Description, Price, Stock, CategoryID) VALUES
(1, 'Smartphone X', 'High-end smartphone with advanced features.', 799.99, 50, 1),
(2, 'Laptop Pro', 'Powerful laptop for professional use.', 1299.99, 30, 1),
(3, 'Bluetooth Headphones', 'Wireless headphones with noise cancellation.', 99.99, 100, 1),
(4, 'Men Casual Shirt', 'Comfortable shirt for everyday wear.', 29.99, 150, 2),
(5, 'Women Summer Dress', 'Light and stylish dress for summer.', 39.99, 120, 2),
(6, 'Coffee Table', 'Modern and sturdy coffee table for the living room.', 149.99, 20, 3),
(7, 'Bookshelf', 'Wooden bookshelf with multiple shelves.', 79.99, 40, 3),
(8, 'Sci-Fi Novel Collection', 'Set of popular science fiction novels.', 49.99, 50, 4),
(9, 'Board Game - Strategy Edition', 'Engaging strategy board game for family and friends.', 34.99, 80, 5),
(10, 'Digital Camera', 'High-resolution digital camera for photography enthusiasts.', 499.99, 15, 1),
(11, 'Skin Care Kit', 'Complete kit for a daily skincare routine.', 59.99, 70, 6),
(12, 'Yoga Mat', 'Non-slip and comfortable yoga mat for fitness activities.', 19.99, 100, 8),
(13, 'Soccer Ball', 'Durable soccer ball for sports enthusiasts.', 14.99, 60, 7),
(14, 'Multivitamin Supplements', 'Nutritional supplements for overall health.', 29.99, 90, 8),
(15, 'Car Dashboard Camera', 'Dashcam for recording vehicle journeys.', 89.99, 25, 9),
(16, 'Gold Bracelet', 'Elegant bracelet made of pure gold.', 299.99, 10, 10),
(17, 'Organic Green Tea', 'Premium quality organic green tea leaves.', 9.99, 200, 11),
(18, 'Pet Bed', 'Comfortable bed for small to medium-sized pets.', 39.99, 30, 12),
(19, 'Guitar', 'Acoustic guitar for music enthusiasts.', 199.99, 20, 13),
(20, 'Oil Painting - Landscape', 'Hand-painted landscape artwork on canvas.', 149.99, 5, 14),
(21, 'Knitting Kit', 'Complete kit for knitting and crafting.', 24.99, 60, 15),
(22, 'Travel Backpack', 'Durable backpack for travel and outdoor activities.', 49.99, 40, 16),
(23, 'Office Desk Organizer', 'Organizer for keeping office supplies in order.', 12.99, 80, 17),
(24, 'Baby Stroller', 'Stylish and lightweight stroller for infants.', 79.99, 15, 18),
(25, 'Power Drill', 'Cordless power drill for home improvement.', 79.99, 30, 19),
(26, 'Garden Hose', 'Flexible and durable hose for gardening.', 29.99, 50, 20),
(27, 'Wristwatch - Classic Design', 'Classic wristwatch with leather strap.', 59.99, 25, 21),
(28, 'Birthday Party Decorations', 'Decorative items for birthday celebrations.', 19.99, 100, 22),
(29, 'Resistance Bands Set', 'Set of resistance bands for fitness workouts.', 15.99, 50, 23),
(30, 'Electric Kettle', 'Fast-boiling electric kettle for the kitchen.', 34.99, 35, 24);

INSERT INTO Orders (UserID, ShippingAddress, TotalPrice, Status) VALUES
(1, '456 Oak Street, Cityville', 1599.98, 'Shipped'),
(2, '789 Pine Avenue, Townsville', 1999.95, 'Processing'),
(3, '123 Main Road, Villagetown', 299.95, 'Delivered'),
(4, '876 Cedar Lane, Hamletsville', 309.97, 'Shipped'),
(5, '432 Pine Street, Riverside', 224.95, 'Processing'),
(6, '890 Maple Drive, Suburbia', 359.97, 'Delivered'),
(7, '543 Birch Lane, Countryside', 199.95, 'Shipped'),
(8, '987 Oak Street, Outskirts', 1899.97, 'Processing'),
(9, '111 Elm Avenue, Uptown', 159.97, 'Delivered'),
(10, '345 Pine Road, Midtown', 1849.96, 'Shipped'),
(11, '678 Main Drive, Downtown', 134.97, 'Processing'),
(12, '876 Birch Road, Suburbia', 199.95, 'Delivered'),
(13, '999 Maple Avenue, Cityville', 129.98, 'Shipped'),
(14, '765 Oak Lane, Countryside', 184.95, 'Processing'),
(15, '456 Pine Street, Outskirts', 159.97, 'Delivered'),
(16, '654 Main Road, Uptown', 849.98, 'Shipped'),
(17, '543 Elm Drive, Midtown', 39.98, 'Processing'),
(18, '789 Birch Lane, Downtown', 299.95, 'Delivered'),
(19, '222 Pine Avenue, Cityville', 1599.96, 'Shipped'),
(20, '888 Oak Street, Countryside', 179.97, 'Processing'),
(21, '333 Elm Road, Outskirts', 79.98, 'Delivered'),
(22, '111 Maple Drive, Midtown', 499.97, 'Shipped'),
(23, '444 Birch Lane, Downtown', 69.99, 'Processing'),
(24, '777 Main Street, Cityville', 79.98, 'Delivered'),
(25, '234 Pine Road, Countryside', 349.98, 'Shipped'),
(26, '987 Cedar Avenue, Outskirts', 129.99, 'Processing'),
(27, '876 Elm Lane, Uptown', 499.97, 'Delivered'),
(28, '111 Birch Road, Midtown', 59.99, 'Shipped'),
(29, '789 Main Drive, Downtown', 149.97, 'Processing'),
(30, '555 Oak Avenue, Suburbia', 239.98, 'Delivered');

INSERT INTO CartDetails (CartID, ProductID, Quantity, Price) VALUES
(1, 1, 2, 1599.98),
(1, 5, 1, 39.99),
(2, 10, 3, 1499.97),
(2, 15, 2, 179.98),
(3, 3, 1, 99.99),
(3, 8, 4, 199.96),
(4, 20, 1, 149.99),
(4, 25, 2, 159.98),
(5, 30, 3, 104.97),
(5, 4, 1, 29.99),
(6, 6, 2, 299.98),
(6, 12, 1, 59.99),
(7, 18, 3, 119.97),
(7, 24, 1, 79.99),
(8, 28, 2, 39.98),
(8, 2, 1, 1299.99),
(9, 7, 1, 79.99),
(9, 14, 2, 69.98),
(10, 16, 1, 299.99),
(10, 22, 3, 149.97),
(11, 26, 2, 59.98),
(11, 30, 1, 34.99),
(12, 9, 4, 119.96),
(12, 1, 1, 799.99),
(13, 17, 2, 19.98),
(13, 21, 1, 59.99),
(14, 13, 3, 44.97),
(14, 27, 1, 59.99),
(15, 19, 2, 79.98),
(15, 3, 1, 99.99);

INSERT INTO OrderDetails (OrderID, ProductID, Quantity, Price) VALUES
(1, 1, 2, 1599.98),
(1, 5, 1, 39.99),
(2, 10, 3, 1499.97),
(2, 15, 2, 179.98),
(3, 3, 1, 99.99),
(3, 8, 4, 199.96),
(4, 20, 1, 149.99),
(4, 25, 2, 159.98),
(5, 30, 3, 104.97),
(5, 4, 1, 29.99),
(6, 6, 2, 299.98),
(6, 12, 1, 59.99),
(7, 18, 3, 119.97),
(7, 24, 1, 79.99),
(8, 28, 2, 39.98),
(8, 2, 1, 1299.99),
(9, 7, 1, 79.99),
(9, 14, 2, 69.98),
(10, 16, 1, 299.99),
(10, 22, 3, 149.97),
(11, 26, 2, 59.98),
(11, 30, 1, 34.99),
(12, 9, 4, 119.96),
(12, 1, 1, 799.99),
(13, 17, 2, 19.98),
(13, 21, 1, 59.99),
(14, 13, 3, 44.97),
(14, 27, 1, 59.99),
(15, 19, 2, 79.98),
(15, 3, 1, 99.99);
